timestamp,anomaly,suggested_solution
2025-01-31 07:21:52.165000+05:30,Yes,"['High disk IO detected, check for bottlenecks.']"
2025-01-31 07:22:52.158000+05:30,Yes,"['High disk IO detected, check for bottlenecks.']"
2025-01-31 07:31:52.160000+05:30,Yes,"['High disk IO detected, check for bottlenecks.']"
2025-01-31 07:32:52.149000+05:30,Yes,"['High disk IO detected, check for bottlenecks.']"
2025-01-31 07:33:52.162000+05:30,Yes,"['High disk IO detected, check for bottlenecks.']"
2025-01-31 12:53:52.165791+05:30,Yes,"['High disk IO detected, check for bottlenecks.']"
2025-01-31 12:54:52.154263+05:30,Yes,"['High disk IO detected, check for bottlenecks.']"
2025-01-31 12:56:52.157517+05:30,Yes,"['High disk IO detected, check for bottlenecks.']"
2025-01-31 12:59:52.166822+05:30,Yes,"['High disk IO detected, check for bottlenecks.']"
2025-01-31 13:00:52.163519+05:30,Yes,"['High disk IO detected, check for bottlenecks.']"
